<?xml version="1.0" encoding="UTF-8"?>
<beans xmlns="http://www.springframework.org/schema/beans"
	xmlns:xsi="http://www.w3.org/2001/XMLSchema-instance" xmlns:aop="http://www.springframework.org/schema/aop"
	xmlns:tx="http://www.springframework.org/schema/tx"
	xsi:schemaLocation="http://www.springframework.org/schema/beans	http://www.springframework.org/schema/beans/spring-beans.xsd
 http://www.springframework.org/schema/aop	http://www.springframework.org/schema/aop/spring-aop-4.0.xsd
 http://www.springframework.org/schema/tx	http://www.springframework.org/schema/tx/spring-tx-4.0.xsd">

	<bean id="employeeDAOImpl" class="com.javainterviewpoint.EmployeeDAOImpl">
		<property name="jdbcTemplate" ref="jdbcTemplate" />
	</bean>

	<!-- Database Configurations -->
	<bean id="dataSource"
		class="org.springframework.jdbc.datasource.DriverManagerDataSource">
		<property name="driverClassName" value="oracle.jdbc.driver.OracleDriver" />
		<property name="url" value="jdbc:oracle:thin:@rsh2:40051:eddev2" />
		<property name="username" value="XBBLKRJ" />
		<property name="password" value="mellon115" />
	</bean>

	<bean id="jdbcTemplate" class="org.springframework.jdbc.core.JdbcTemplate">
		<property name="dataSource" ref="dataSource" />
	</bean>
</beans>